{
      "summary": "Drizzle",
      "feelsLike": 16.322222222222223,
      "icon": "rain",
      "tempreture": 16.322222222222223,
      "pressure": 1012.16,
      "windSpeed": 1.15
    }